Chunk_Index,Tactical_Summary
15,"Here are the main football tactical details from the text:

1. The players who fill this space in our clubs were men of Mr Kelly's calibre.
2. The players in the Sheffield Telegraph and Star Sports Special were men of Mr Kelly's calibre.
3. The 2–3–5 was the default, but that's not to say that there weren't variations.
4. Although it would be misleading to suggest there was a wealth of abstract or sophisticated discussion about tactics, in the years leading up to the First World War there was a growing interest in"
16,"Text:

Text: Play on the weak part in the armour of his opponents. It is by tactics that the games of the future will be won more than anything else, and lucky will be the team that has a genius for a captain—the man who can shoulder the cares. His words raise two vital issues. First, it was the captain rather than the coach or manager who determined tactics, his role being far more akin to a modern captain in cricket than in soccer. And, second, he was modifying the 2–3–5; Boyle would shift play to one flank or"
17,"Text: The key to the success of the English side in the 1888 FA Cup was the use of the short passing style, which involved the use of the centre-forward to spread the ball and the wingers to control the attack. The team's success in the 1888 FA Cup was largely due to the use of the short passing style, which was developed by West Bromwich Albion in the mid-1880s."
